event,start_ms,duration_ms,value
mode_demo,20870096.9909,0.00170000270009,1
mode_isolated,20870096.9927,0,0
include_cursor,20870096.9928,0,1
theme,20870096.9929,0,0
process_priority,20870096.9964,0,32
process_affinity,20870097.0005,0,63
refresh_hz,20870097.0064,0,60
monitor_width,20870488.0902,0.000799998641014,3840
monitor_height,20870488.0911,0.000100001692772,2160
monitor_width,20870488.0994,0.000100001692772,3840
monitor_height,20870488.0996,0.000100001692772,2160
render_initialize,20870489.4583,240.802000001,0
draw_commands,20870730.2699,2.53329999745,0
end_draw,20870732.8033,41.3612000011,0
paint,20870489.4581,284.706900001,0
prepare_overlay,20870489.458,284.708499998,0
draw_commands,20870777.637,0.679500002414,0
end_draw,20870778.317,0.813299998641,0
paint,20870777.6099,1.52059999853,0
magnifier_update,20870789.6316,2.92720000073,0
show_views,20870488.0993,304.459799998,0
input_age_ms,20870796.0565,0.000100001692772,15
magnifier_update,20870796.0581,0.636999998242,0
draw_commands,20870796.8045,0.377399999648,0
end_draw,20870797.182,1.09829999879,0
paint,20870796.7942,1.48620000109,0
pointer_move,20870796.0569,2.68800000101,0
input_age_ms,20870803.6558,0.000300001353025,0
magnifier_update,20870803.6575,1.21030000225,0
pointer_move,20870803.6563,1.21209999919,0
input_age_ms,20870818.7835,0.00829999893904,0
magnifier_update,20870818.793,0.536599997431,0
pointer_move,20870818.792,0.537999998778,0
input_age_ms,20870834.5216,0.000399999320507,0
magnifier_update,20870834.5235,0.551600001752,0
pointer_move,20870834.5222,0.553300000727,0
input_age_ms,20870850.0142,0.000200003385544,0
magnifier_update,20870850.0157,0.567299999297,0
pointer_move,20870850.0148,0.568599998951,0
input_age_ms,20870864.8069,0.000200003385544,0
magnifier_update,20870864.8086,0.608300000429,0
pointer_move,20870864.8076,0.609700001776,0
input_age_ms,20870880.7997,0.000199999660254,0
magnifier_update,20870880.8017,0.616500001401,0
pointer_move,20870880.8002,0.618400000036,0
input_age_ms,20870896.3743,0.000300001353025,0
magnifier_update,20870896.3762,0.450599998236,0
pointer_move,20870896.3749,0.452200002968,0
input_age_ms,20870911.5926,0.000199999660254,0
magnifier_update,20870911.5943,0.616299998015,0
pointer_move,20870911.593,0.618599999696,0
input_age_ms,20870926.8619,0.000299997627735,0
magnifier_update,20870926.8637,0.613300003111,0
pointer_move,20870926.8626,0.614700000733,0
input_age_ms,20870942.9769,0.000500001013279,0
magnifier_update,20870942.9795,0.528900001198,0
pointer_move,20870942.978,0.531300000846,0
input_age_ms,20870958.2827,0.000200003385544,0
magnifier_update,20870958.2843,0.545099999756,0
pointer_move,20870958.2832,0.546500001103,0
input_age_ms,20870974.2157,0.000199999660254,0
magnifier_update,20870974.2179,0.581399999559,0
pointer_move,20870974.2162,0.583499997854,0
input_age_ms,20870989.3009,0.000199999660254,0
magnifier_update,20870989.303,0.481200002134,0
pointer_move,20870989.3021,0.482400000095,0
input_age_ms,20871004.833,0.000199999660254,0
magnifier_update,20871004.8344,0.905800003558,0
pointer_move,20871004.8334,0.90720000118,0
input_age_ms,20871020.7834,0.000500001013279,0
magnifier_update,20871020.785,0.502000000328,0
pointer_move,20871020.7841,0.503299999982,0
input_age_ms,20871037.1515,0.000199999660254,0
magnifier_update,20871037.1533,0.551800001413,0
pointer_move,20871037.1521,0.553300000727,0
input_age_ms,20871052.8168,0.000300001353025,0
magnifier_update,20871052.8187,0.602400001138,0
pointer_move,20871052.8174,0.604199998081,0
input_age_ms,20871068.6214,0.000199999660254,0
magnifier_update,20871068.623,0.534299999475,0
pointer_move,20871068.6219,0.535700000823,0
input_age_ms,20871084.5782,0.000199999660254,0
magnifier_update,20871084.5801,0.546999998391,0
pointer_move,20871084.5787,0.548900000751,0
input_age_ms,20871100.2074,0.000799998641014,0
magnifier_update,20871100.2093,0.561299998313,0
pointer_move,20871100.2085,0.562399998307,0
input_age_ms,20871115.2852,0.000199999660254,0
magnifier_update,20871115.2868,0.610500000417,0
pointer_move,20871115.2856,0.612300001085,0
input_age_ms,20871132.4322,0.000100001692772,0
magnifier_update,20871132.434,0.476300001144,0
pointer_move,20871132.4326,0.478000000119,0
input_age_ms,20871146.2335,0.000199999660254,0
magnifier_update,20871146.2353,0.501899998635,0
pointer_move,20871146.2339,0.504100002348,0
input_age_ms,20871161.9031,0.000199999660254,0
magnifier_update,20871161.9048,0.477399997413,0
pointer_move,20871161.9035,0.479100000113,0
input_age_ms,20871177.5559,0.000199999660254,0
magnifier_update,20871177.5572,0.579900000244,0
pointer_move,20871177.5563,0.581100001931,0
input_age_ms,20871193.8321,0.000300001353025,0
magnifier_update,20871193.8352,0.732299998403,0
pointer_move,20871193.833,0.734899997711,0
input_age_ms,20871209.0239,0.000700000673532,0
magnifier_update,20871209.0256,0.734799999744,0
pointer_move,20871209.0248,0.736099999398,0
input_age_ms,20871225.0644,0.000199999660254,0
magnifier_update,20871225.0661,0.593899998814,0
pointer_move,20871225.065,0.595599997789,0
input_age_ms,20871240.9595,0.000199999660254,0
magnifier_update,20871240.9609,0.629200000316,0
pointer_move,20871240.9599,0.630600001663,0
input_age_ms,20871256.8947,0.000300001353025,0
magnifier_update,20871256.8963,0.548399999738,0
pointer_move,20871256.8953,0.549699999392,0
input_age_ms,20871272.8469,0.000299997627735,0
magnifier_update,20871272.8482,0.601700000465,0
pointer_move,20871272.8475,0.602800000459,0
input_age_ms,20871287.8274,0.000199999660254,0
magnifier_update,20871287.8288,0.552999999374,0
pointer_move,20871287.8279,0.554800000042,0
input_age_ms,20871302.9665,0.000199999660254,0
magnifier_update,20871302.9682,0.520600002259,0
pointer_move,20871302.9671,0.522200003266,0
input_age_ms,20871318.044,0.000300001353025,0
magnifier_update,20871318.0456,0.459199998528,0
pointer_move,20871318.0446,0.460500001907,0
input_age_ms,20871333.1443,0.000300001353025,0
magnifier_update,20871333.1464,0.625700000674,0
pointer_move,20871333.1449,0.627599999309,0
input_age_ms,20871348.5971,0.000299997627735,0
magnifier_update,20871348.5989,0.45759999752,0
pointer_move,20871348.5977,0.45910000056,0
input_age_ms,20871364.2527,0.000700000673532,0
magnifier_update,20871364.2555,0.488800000399,0
pointer_move,20871364.2535,0.49110000208,0
input_age_ms,20871380.3684,0.000500001013279,0
magnifier_update,20871380.3701,0.585200000554,0
pointer_move,20871380.369,0.586600001901,0
input_age_ms,20871395.8525,0.000199999660254,0
magnifier_update,20871395.8546,0.612700000405,0
pointer_move,20871395.8532,0.61459999904,0
input_age_ms,20871410.851,0.000199999660254,0
magnifier_update,20871410.8525,0.605200000107,0
pointer_move,20871410.8514,0.607100002468,0
input_age_ms,20871426.8421,0.000500001013279,0
magnifier_update,20871426.8439,0.565799999982,0
pointer_move,20871426.8428,0.567200001329,0
input_age_ms,20871443.0512,0.000100001692772,0
magnifier_update,20871443.0528,0.607700001448,0
pointer_move,20871443.0516,0.60929999873,0
input_age_ms,20871458.2134,0.000100001692772,0
magnifier_update,20871458.2148,0.520700000226,0
pointer_move,20871458.2139,0.521800000221,0
input_age_ms,20871473.9932,0.000199999660254,0
magnifier_update,20871473.9946,0.647299997509,0
pointer_move,20871473.9938,0.648400001228,0
input_age_ms,20871489.0445,0.000199999660254,0
magnifier_update,20871489.046,0.599500000477,0
pointer_move,20871489.0451,0.600800000131,0
input_age_ms,20871504.5598,0,0
magnifier_update,20871504.5609,0.435000002384,0
pointer_move,20871504.5601,0.436099998653,0
input_age_ms,20871519.9672,0.000100001692772,0
magnifier_update,20871519.9684,0.572899997234,0
pointer_move,20871519.9676,0.574400000274,0
input_age_ms,20871535.4724,0.000100001692772,0
magnifier_update,20871535.4736,0.421000000089,0
pointer_move,20871535.4728,0.422199998051,0
input_age_ms,20871550.5873,0.000199999660254,0
magnifier_update,20871550.5888,0.586400002241,0
pointer_move,20871550.5878,0.587600000203,0
input_age_ms,20871566.5792,0.000199999660254,0
magnifier_update,20871566.5811,0.62690000236,0
pointer_move,20871566.5797,0.628699999303,0
input_age_ms,20871582.4804,0.000700000673532,0
magnifier_update,20871582.4828,0.581500001252,0
pointer_move,20871582.4815,0.583999998868,0
input_age_ms,20871597.6179,0.000199999660254,0
magnifier_update,20871597.6203,0.566100001335,0
pointer_move,20871597.6184,0.568300001323,0
input_age_ms,20871613.6513,0.000200003385544,0
magnifier_update,20871613.6532,0.572299998254,0
pointer_move,20871613.6518,0.574300002307,0
input_age_ms,20871629.5134,0.000199999660254,0
magnifier_update,20871629.5149,0.663000002503,0
pointer_move,20871629.5138,0.664500001818,0
input_age_ms,20871644.5031,0.000199999660254,0
magnifier_update,20871644.5045,0.590900000185,0
pointer_move,20871644.5035,0.592300001532,0
input_age_ms,20871660.5462,0.000100001692772,0
magnifier_update,20871660.5476,0.556899998337,0
pointer_move,20871660.5466,0.558100000024,0
input_age_ms,20871676.7022,0.000300001353025,0
magnifier_update,20871676.7043,0.58769999817,0
pointer_move,20871676.7029,0.589499998838,0
input_age_ms,20871692.0004,0.000300001353025,0
magnifier_update,20871692.002,0.572200000286,0
pointer_move,20871692.0009,0.57349999994,0
input_age_ms,20871707.894,9.99979674816e-05,0
magnifier_update,20871707.8955,0.457499999553,0
pointer_move,20871707.8945,0.45870000124,0
input_age_ms,20871722.8441,0.000500001013279,0
magnifier_update,20871722.8459,0.488700002432,0
pointer_move,20871722.8448,0.490100000054,0
input_age_ms,20871738.8779,0.000299997627735,0
magnifier_update,20871738.8797,0.485299997032,0
pointer_move,20871738.8786,0.486699998379,0
input_age_ms,20871754.7102,0.000199999660254,0
magnifier_update,20871754.7114,0.567300003022,0
pointer_move,20871754.7106,0.568500000983,0
input_age_ms,20871770.5255,0.000199999660254,0
magnifier_update,20871770.5272,0.572399999946,0
pointer_move,20871770.5259,0.574000000954,0
input_age_ms,20871786.5327,0.000200003385544,0
magnifier_update,20871786.5341,0.563599999994,0
pointer_move,20871786.5332,0.564800001681,0
input_age_ms,20871801.5705,0.000299997627735,0
magnifier_update,20871801.5723,0.519300002605,0
pointer_move,20871801.5713,0.520500000566,0
input_age_ms,20871817.2197,0.000299997627735,0
magnifier_update,20871817.2213,0.570199999958,0
pointer_move,20871817.2204,0.57159999758,0
input_age_ms,20871833.2283,0.000199999660254,0
magnifier_update,20871833.2297,0.545200001448,0
pointer_move,20871833.2288,0.546300001442,0
input_age_ms,20871848.8155,0.000199999660254,0
magnifier_update,20871848.8167,0.404500000179,0
pointer_move,20871848.8159,0.40549999848,0
input_age_ms,20871864.0192,0.000199999660254,0
magnifier_update,20871864.021,0.476799998432,0
pointer_move,20871864.0197,0.478400003165,0
input_age_ms,20871879.126,0.000300001353025,0
magnifier_update,20871879.1275,0.502499997616,0
pointer_move,20871879.1265,0.503800000995,0
input_age_ms,20871895.0704,0.000199999660254,0
magnifier_update,20871895.0723,0.629500001669,0
pointer_move,20871895.0709,0.631400000304,0
input_age_ms,20871910.5098,0.000200003385544,0
magnifier_update,20871910.5121,0.601700000465,0
pointer_move,20871910.5104,0.603900000453,0
input_age_ms,20871926.6906,0.000500001013279,0
magnifier_update,20871926.6926,0.617599997669,0
pointer_move,20871926.6914,0.61989999935,0
input_age_ms,20871941.7475,0.000100001692772,0
magnifier_update,20871941.7491,0.56269999966,0
pointer_move,20871941.748,0.564100001007,0
input_age_ms,20871957.3146,0.000500001013279,0
magnifier_update,20871957.3165,0.585599999875,0
pointer_move,20871957.3154,0.586999997497,0
input_age_ms,20871973.294,0.000100001692772,0
magnifier_update,20871973.2953,0.686999998987,0
pointer_move,20871973.2944,0.693500000983,0
input_age_ms,20871989.2232,0.000299997627735,0
magnifier_update,20871989.2255,0.472600001842,0
pointer_move,20871989.2244,0.473999999464,0
input_age_ms,20872004.6962,0.000200003385544,0
magnifier_update,20872004.6979,0.586799997836,0
pointer_move,20872004.6968,0.588300000876,0
input_age_ms,20872019.452,0.000199999660254,0
magnifier_update,20872019.454,0.53180000186,0
pointer_move,20872019.4524,0.533600002527,0
input_age_ms,20872035.4304,0.000100001692772,0
magnifier_update,20872035.4318,0.556699998677,0
pointer_move,20872035.4308,0.557900000364,0
input_age_ms,20872051.0421,0.000199999660254,0
magnifier_update,20872051.0437,0.571900002658,0
pointer_move,20872051.0426,0.573600001633,0
input_age_ms,20872065.9821,0.000199999660254,0
magnifier_update,20872065.9837,0.556900002062,0
pointer_move,20872065.9826,0.558299999684,0
input_age_ms,20872081.796,0.000199999660254,0
magnifier_update,20872081.7974,0.543399997056,0
pointer_move,20872081.7965,0.544599998742,0
input_age_ms,20872097.9777,0.000199999660254,0
magnifier_update,20872097.9799,0.56819999963,0
pointer_move,20872097.9785,0.569899998605,0
input_age_ms,20872113.841,0.000200003385544,0
magnifier_update,20872113.8425,0.476199999452,0
pointer_move,20872113.8415,0.477800000459,0
input_age_ms,20872130.1404,0.000199999660254,0
magnifier_update,20872130.1429,0.56609999761,0
pointer_move,20872130.1417,0.567499998957,0
input_age_ms,20872146.0582,0.000299997627735,0
magnifier_update,20872146.06,0.642900001258,0
pointer_move,20872146.059,0.644299998879,0
input_age_ms,20872160.5561,0.000199999660254,0
magnifier_update,20872160.5576,0.552999999374,0
pointer_move,20872160.5566,0.554299999028,0
input_age_ms,20872176.7143,0.000199999660254,0
magnifier_update,20872176.7158,0.608900003135,0
pointer_move,20872176.7148,0.610300000757,0
input_age_ms,20872191.9657,0.000599998980761,0
magnifier_update,20872191.9674,0.569699998945,0
pointer_move,20872191.9666,0.570799998939,0
input_age_ms,20872207.8143,0.000199999660254,0
magnifier_update,20872207.8156,0.551599998027,0
pointer_move,20872207.8148,0.552799999714,0
input_age_ms,20872223.9128,0.000100001692772,0
magnifier_update,20872223.914,0.542899999768,0
pointer_move,20872223.9132,0.543900001794,0
input_age_ms,20872239.7031,0.000199999660254,0
magnifier_update,20872239.7051,0.569400001317,0
pointer_move,20872239.7036,0.571100000292,0
input_age_ms,20872255.2296,0.000199999660254,0
magnifier_update,20872255.2308,0.486500002444,0
pointer_move,20872255.23,0.488099999726,0
input_age_ms,20872271.2286,0.000100001692772,0
magnifier_update,20872271.2299,0.439600002021,0
pointer_move,20872271.229,0.440799999982,0
input_age_ms,20872287.2811,0.000299997627735,0
magnifier_update,20872287.2825,0.466000001878,0
pointer_move,20872287.2817,0.467199999839,0
input_age_ms,20872302.4378,9.99979674816e-05,0
magnifier_update,20872302.4397,0.549600001425,0
pointer_move,20872302.4382,0.55150000006,0
input_age_ms,20872318.225,0.000199999660254,0
magnifier_update,20872318.2264,0.49660000205,0
pointer_move,20872318.2255,0.497800000012,0
input_age_ms,20872334.1451,0.000299997627735,0
magnifier_update,20872334.1467,0.491600003093,0
pointer_move,20872334.1457,0.492899999022,0
input_age_ms,20872349.6511,0.000300001353025,0
magnifier_update,20872349.6528,0.545099999756,0
pointer_move,20872349.6519,0.54639999941,0
input_age_ms,20872365.4175,0.000199999660254,0
magnifier_update,20872365.4189,0.585099998862,0
pointer_move,20872365.418,0.586399998516,0
input_age_ms,20872381.5249,0.000299997627735,0
magnifier_update,20872381.5271,0.572299998254,0
pointer_move,20872381.5255,0.574200000614,0
input_age_ms,20872396.9527,0.000199999660254,0
magnifier_update,20872396.9543,0.718100000173,0
pointer_move,20872396.9532,0.719999998808,0
input_age_ms,20872412.9258,0.000300001353025,0
magnifier_update,20872412.9274,0.694899998605,0
pointer_move,20872412.9263,0.696499999613,0
input_age_ms,20872429.0086,0.000300001353025,0
magnifier_update,20872429.0101,0.519299998879,0
pointer_move,20872429.0091,0.520700000226,0
input_age_ms,20872444.8318,0.000300001353025,0
magnifier_update,20872444.8338,0.511900000274,0
pointer_move,20872444.8325,0.513500001281,0
input_age_ms,20872461.3137,0.000399999320507,0
magnifier_update,20872461.3154,0.540100000799,0
pointer_move,20872461.3144,0.541600000113,0
input_age_ms,20872476.556,0.000199999660254,0
magnifier_update,20872476.5591,0.554400000721,0
pointer_move,20872476.5566,0.557299997658,0
input_age_ms,20872492.544,0.000199999660254,0
magnifier_update,20872492.5455,0.57520000264,0
pointer_move,20872492.5444,0.576700001955,0
input_age_ms,20872508.0962,0.000199999660254,0
magnifier_update,20872508.0976,0.559099998325,0
pointer_move,20872508.0966,0.560300000012,0
input_age_ms,20872523.7623,0.000199999660254,0
magnifier_update,20872523.7643,0.474199999124,0
pointer_move,20872523.7628,0.475999999791,0
input_age_ms,20872539.1445,0.000400003045797,0
magnifier_update,20872539.146,0.544799998403,0
pointer_move,20872539.1452,0.545900002122,0
input_age_ms,20872554.9841,0.000199999660254,0
magnifier_update,20872554.9856,0.533600002527,0
pointer_move,20872554.9845,0.535000000149,0
input_age_ms,20872570.8535,9.99979674816e-05,0
magnifier_update,20872570.856,0.502399999648,0
pointer_move,20872570.8539,0.504900000989,0
input_age_ms,20872586.7561,0.000300001353025,0
magnifier_update,20872586.7576,0.503900002688,0
pointer_move,20872586.7567,0.505199998617,0
input_age_ms,20872602.2411,0.000400003045797,0
magnifier_update,20872602.2426,0.516799997538,0
pointer_move,20872602.2417,0.517999999225,0
input_age_ms,20872617.5058,0.000399999320507,0
magnifier_update,20872617.5074,0.587799999863,0
pointer_move,20872617.5064,0.589099999517,0
input_age_ms,20872633.3737,0.000199999660254,0
magnifier_update,20872633.3751,0.560499999672,0
pointer_move,20872633.3742,0.561599999666,0
input_age_ms,20872648.7834,0.000199999660254,0
magnifier_update,20872648.7888,0.57330000028,0
pointer_move,20872648.788,0.574900001287,0
